Id,City,Size,HistoricalPrice,CurrentPrice
1,Desirable City A,1315,677883,848369.6614946304
2,Desirable City B,3887,722869,906379.8358689708
3,Desirable City A,3639,463195,591495.6891125031
4,Neutral City C,1135,303995,306023.61005464377
5,Desirable City A,2582,423690,557168.9412129185
6,Desirable City A,3105,509770,669172.6063590873
7,Desirable City B,1296,606988,820661.9553831856
8,Neutral City C,1695,358553,405717.27109660854
9,Depressed City E,3007,738696,619789.9715846126
10,Depressed City E,1651,437568,417511.50304262876
11,Depressed City D,2487,497278,490760.64074684697
12,Desirable City A,2731,329563,446533.4319268937
13,Depressed City D,3537,571554,528901.4545630543
14,Desirable City B,3227,380503,460344.79829626787
15,Depressed City E,2368,321326,277982.89141888777
16,Desirable City A,1756,189344,262302.96111895615
17,Desirable City B,3538,572966,786890.7129485523
18,Desirable City B,2436,283423,383680.0608545256
19,Desirable City A,2091,498197,643007.4410768606
20,Desirable City B,2240,642071,770884.5666119647
21,Desirable City A,1991,364833,484663.5571271613
22,Desirable City A,1866,255454,310093.98541857046
23,Neutral City C,1084,435594,486191.89586463035
24,Depressed City D,3244,689897,640725.8952871131
25,Desirable City B,811,530744,657168.7605640155
26,Desirable City B,2430,694142,814439.9833501744
27,Neutral City C,3346,215641,242742.76202904002
28,Neutral City C,1553,731999,785702.075903416
29,Neutral City C,2882,547040,569744.4347096522
30,Depressed City E,3574,496420,379815.663683309
31,Depressed City E,3696,459685,404016.87243487197
32,Depressed City E,889,653526,621431.3798786077
33,Desirable City A,1575,222813,316322.1689622633
34,Desirable City B,3452,464214,575029.757304841
35,Depressed City D,3817,520703,473530.4258751712
36,Desirable City A,2425,382615,515813.40371928876
37,Desirable City B,3869,654657,790559.1040533955
38,Desirable City B,1217,744074,954165.5515988105
39,Neutral City C,914,577953,657886.2197566634
40,Neutral City C,1416,465654,540785.7181717312
41,Desirable City A,1625,459570,603870.7314643264
42,Neutral City C,2449,215265,234599.3085084078
43,Desirable City B,2316,427321,518988.19217506447
44,Neutral City C,3946,244150,258470.85807805843
45,Depressed City E,1212,267613,233075.09217206232
46,Neutral City C,1528,515054,576020.053687385
47,Desirable City B,3868,299826,395030.0843883381
48,Desirable City A,3608,737723,938242.9448980347
49,Depressed City D,1475,628348,627367.3147694645
50,Neutral City C,2692,388017,421558.67168471334
51,Desirable City B,3304,312055,394366.17816532066
52,Depressed City D,3767,668457,603779.4427101552
53,Depressed City D,3039,628062,522528.6095802294
54,Depressed City E,3586,272071,249043.4046013339
55,Depressed City D,1922,484691,468364.6032263392
56,Desirable City B,2371,324389,405104.6600167538
57,Desirable City B,1777,447708,568075.1761015705
58,Neutral City C,1808,432444,486844.14095304155
59,Neutral City C,2943,389837,398363.7905394461
60,Neutral City C,2487,288017,309199.8917514376
61,Depressed City D,3510,301618,292194.32227587246
62,Depressed City D,836,637297,561900.1123230066
63,Depressed City E,2348,303341,270502.0062680543
64,Neutral City C,3126,730076,753563.2091203883
65,Desirable City A,3064,619759,835426.3307689813
66,Depressed City E,3714,742262,652132.3472826763
67,Desirable City A,1672,718659,878986.1390587898
68,Depressed City D,2621,600845,591532.7572407249
69,Depressed City E,2096,502060,427060.4381181109
70,Depressed City E,2909,371259,314675.37961945916
71,Desirable City B,1395,453128,578432.7223541646
72,Depressed City D,2703,581832,572416.2635674444
73,Depressed City D,1528,359144,320294.52176740504
74,Depressed City E,2165,428195,377868.0401322262
75,Depressed City D,1196,321748,306698.14118230535
76,Depressed City E,1498,582032,528324.5457122633
77,Desirable City B,3890,210733,268715.21335042355
78,Depressed City E,3024,704338,609476.9738350294
79,Depressed City D,2435,287996,259146.6963895972
80,Depressed City D,1195,736221,691062.0247681121
81,Depressed City E,3292,727239,608782.2678825039
82,Depressed City E,875,734701,560684.1151370412
83,Depressed City E,1064,343873,308613.08518140437
84,Neutral City C,3302,611816,700649.6899366997
85,Depressed City D,2619,399888,333736.67615418194
86,Depressed City D,1517,344472,307298.80189920426
87,Neutral City C,3582,575710,651103.6649801652
88,Depressed City E,1650,389760,375065.9773709933
89,Desirable City B,2190,300744,380800.74101221515
90,Depressed City E,943,679946,578552.3724849207
91,Depressed City E,1684,221001,192864.0681447756
92,Neutral City C,3940,416506,486788.8138916867
93,Depressed City D,3970,608789,552504.3398175857
94,Depressed City E,1195,677722,574730.1597947591
95,Depressed City D,3896,736924,673904.7652880299
96,Desirable City A,3795,357352,451264.2069108919
97,Depressed City D,3738,371283,349085.2846246736
98,Desirable City B,2292,628195,853352.0308425515
99,Desirable City B,1967,609413,782228.5457713788
100,Depressed City E,3416,481988,419284.1856086863
101,Depressed City D,1862,504898,465817.8956427509
102,Depressed City E,2956,480186,392538.78633340757
103,Neutral City C,1865,239665,274214.0252369987
104,Desirable City B,2009,424584,535198.4753637522
105,Depressed City E,3782,294953,257429.3163218682
106,Neutral City C,3245,654072,823905.3126557712
107,Depressed City E,1433,364626,325228.2031186299
108,Depressed City D,1956,323271,291929.5146063989
109,Depressed City D,2038,296533,271885.1183742863
110,Depressed City D,1532,643966,633539.5095566654
111,Depressed City D,1034,244262,229560.84542329796
112,Desirable City A,3505,254898,314468.5091929716
113,Neutral City C,1550,633699,726194.6228305686
114,Neutral City C,3435,327369,349169.41694305924
115,Depressed City D,3880,732736,743445.050572568
116,Desirable City A,3945,466316,645755.7416287075
117,Depressed City D,1753,185657,170059.73624975156
118,Desirable City A,3339,655602,915784.8533271758
119,Depressed City D,3760,552999,518648.836252311
120,Desirable City B,2342,185906,244286.89521371812
121,Desirable City B,1997,501557,648449.0704145165
122,Depressed City E,2476,473804,400907.2332575482
123,Depressed City D,1991,646974,587225.3896084154
124,Neutral City C,3017,212701,244924.78479301653
125,Depressed City E,2216,261300,226444.92822882245
126,Desirable City B,3793,261560,324802.6482073794
127,Depressed City D,3642,420615,376201.1224421963
128,Depressed City E,3481,221642,198800.45376385064
129,Depressed City D,2017,695083,710831.7103587971
130,Desirable City B,2340,669036,805263.0078277913
131,Depressed City E,2876,505304,445157.0475333829
132,Desirable City B,2245,543464,731612.6943358767
133,Desirable City A,3186,466075,612991.8683145092
134,Desirable City B,2319,272377,351641.806182959
135,Depressed City D,2188,504916,449298.63164704305
136,Neutral City C,2656,629978,706467.0024242341
137,Desirable City B,2165,490250,614890.7701346873
138,Neutral City C,1299,203559,233947.6106095299
139,Desirable City A,2480,736030,1023996.7053319922
140,Depressed City E,1310,313044,307904.6144300831
141,Depressed City E,1016,290217,262119.736025221
142,Neutral City C,2124,744161,830699.345637205
143,Depressed City E,1955,581119,515903.1364379328
144,Desirable City B,2627,264988,329828.69229803915
145,Neutral City C,3941,747936,835387.8125971681
146,Depressed City D,2610,303991,280415.1117720431
147,Desirable City B,3292,580732,740251.2440810829
148,Desirable City B,3723,684079,917187.0312622667
149,Desirable City B,2005,704684,850640.8296383877
150,Depressed City D,3014,262082,257743.19025495744
151,Desirable City A,890,306322,428552.71929946094
152,Depressed City E,1513,189303,165692.61094540035
153,Neutral City C,2681,339633,337563.7027542507
154,Desirable City A,838,511863,656991.864853193
155,Neutral City C,3997,427690,498194.5798809361
156,Depressed City E,972,277616,244048.13840067337
157,Depressed City D,1452,264231,235834.00330398558
158,Desirable City B,1553,447458,553047.0993395811
159,Desirable City B,2043,197623,259545.33146112977
160,Depressed City D,1881,668042,640142.0119206564
161,Desirable City A,2483,636298,830791.4389897514
162,Desirable City A,3323,654840,849976.1221300364
163,Neutral City C,1255,283228,306002.9561481308
164,Depressed City D,1628,604346,541371.6765221604
165,Desirable City A,1694,698547,989786.9905051087
166,Depressed City D,2184,247274,227813.87745259
167,Depressed City E,2758,311541,289323.87130945985
168,Desirable City B,3872,231947,313702.6749219772
169,Desirable City B,3234,372692,492848.9729020222
170,Desirable City B,2796,226874,281365.01295741333
171,Depressed City D,3195,252553,240470.49293395324
172,Depressed City D,989,749926,700409.6511414716
173,Neutral City C,1304,256249,270295.26509448834
174,Desirable City B,2014,705007,904982.6999374004
175,Neutral City C,2331,648452,675069.6644671422
176,Desirable City B,1623,607725,810274.6162402863
177,Neutral City C,1728,220534,237464.20444787986
178,Neutral City C,1733,673518,747644.0324552082
179,Depressed City E,1940,590003,525888.2677630335
180,Neutral City C,933,304209,330691.8388427228
181,Depressed City D,2905,620061,595217.9376725538
182,Neutral City C,1484,367004,394989.8229202454
183,Desirable City B,3519,342134,449940.28470017354
184,Neutral City C,3020,253713,262009.67286927786
185,Desirable City A,2652,666972,885460.5384557537
186,Desirable City B,1614,253418,348826.9417722927
187,Desirable City A,1972,306232,385846.23226820317
188,Desirable City B,879,698551,856444.2479529565
189,Depressed City D,3733,341038,326319.16947235906
190,Depressed City D,1002,346383,326511.7782458773
191,Depressed City D,3611,503996,478746.69711932284
192,Desirable City A,2052,436722,589291.3669111409
193,Depressed City E,2499,310079,280742.0719300066
194,Desirable City B,2050,380053,505017.3683570118
195,Depressed City D,2482,356589,339621.530064858
196,Desirable City B,2355,681238,852315.721778271
197,Desirable City A,2894,207257,281942.9764554105
198,Depressed City E,2056,658488,629511.4182218113
199,Desirable City A,2349,613423,804836.7245635658
200,Desirable City B,1966,322353,389713.3544154616
201,Depressed City E,2196,501390,463426.3670709518
202,Depressed City E,3503,441579,386463.20824010135
203,Desirable City A,1270,407947,485309.9986027327
204,Depressed City D,3818,409758,397881.3369923966
205,Desirable City B,1835,335732,414366.68885471585
206,Neutral City C,2153,616755,675638.6572736249
207,Neutral City C,3583,316563,353473.93446929596
208,Desirable City A,3631,684047,910760.6840672299
209,Desirable City B,1767,504032,658161.6990520329
210,Desirable City B,1157,431973,535629.0396476354
211,Desirable City A,3819,461097,622843.5326532958
212,Desirable City B,1467,554826,693574.7034161125
213,Depressed City D,1172,692257,668996.780900379
214,Desirable City A,1831,608783,826071.0757811952
215,Depressed City D,1945,293374,262641.2707646207
216,Desirable City B,2171,727148,965248.2291192155
217,Desirable City A,3523,662090,852667.4377574665
218,Desirable City B,889,467227,612751.0742027565
219,Desirable City A,3545,710101,952981.9853120163
220,Desirable City B,1339,209598,287295.048281612
221,Depressed City D,3579,683934,632982.7607145308
222,Depressed City D,1668,467226,429919.8897012175
223,Desirable City B,840,405286,512234.2365724706
224,Desirable City A,1539,615785,801634.5862456437
225,Neutral City C,2746,189745,216308.74880919972
226,Depressed City D,3349,322097,279034.82108306204
227,Depressed City D,3806,410732,365641.2237863151
228,Neutral City C,2024,391030,409255.85117874446
229,Desirable City B,1728,744134,981990.9909046256
230,Desirable City A,2836,516076,734188.7104121153
231,Desirable City B,3308,326554,411129.58216865856
232,Depressed City E,3579,463555,404798.07384426624
233,Depressed City D,3599,622191,583600.982580331
234,Depressed City E,1724,631761,585310.8559333623
235,Depressed City D,3756,683518,612150.1712180339
236,Depressed City D,2381,518941,490467.06112644833
237,Depressed City E,1189,492451,452566.36191935954
238,Depressed City E,2417,462186,415987.62840111274
239,Desirable City B,3730,615629,785481.6216100914
240,Depressed City E,1055,402695,370496.250249853
241,Desirable City B,1508,473900,525822.4474399905
242,Desirable City B,2638,231268,301568.3449903433
243,Desirable City B,2744,610430,749236.0733930403
244,Depressed City D,3297,390943,335115.59754468047
245,Depressed City D,809,599818,573861.5421357797
246,Depressed City E,3671,540130,504992.56759995484
247,Depressed City D,1597,372488,346100.3683015428
248,Depressed City E,1676,568530,521975.9106528515
249,Depressed City D,1828,419531,421008.51516872004
250,Desirable City A,3990,424693,594100.8578421583
251,Desirable City A,1815,728719,1033613.4787127397
252,Depressed City E,2624,416360,378756.4880873078
253,Depressed City D,1173,522855,490545.66134888545
254,Depressed City D,3936,685403,594187.1376317005
255,Desirable City B,2993,204385,255655.2648059047
256,Neutral City C,1023,609374,644618.7724612897
257,Depressed City E,2062,594235,574528.8058292925
258,Neutral City C,3024,458783,500626.6289657428
259,Neutral City C,2602,263530,291506.4081365958
260,Depressed City E,1652,461707,416487.1463406207
261,Depressed City D,862,555816,520717.94483665045
262,Depressed City E,2040,607660,575941.3886091261
263,Neutral City C,3674,579927,619865.1411798713
264,Depressed City D,3642,523114,493438.17008440645
265,Desirable City A,1488,421373,537440.9365135594
266,Depressed City E,2284,525697,434856.0850367524
267,Depressed City E,2433,339779,290690.8684024517
268,Depressed City D,2952,348182,325002.1092920289
269,Desirable City A,3970,416260,538741.1193613467
270,Desirable City A,1310,508904,650610.7316194965
271,Depressed City D,1184,225837,197659.6580256616
272,Desirable City B,1204,696349,877553.9322623209
273,Depressed City E,3670,730829,599141.7885506919
274,Depressed City E,1317,257083,234048.93869252858
275,Neutral City C,1275,736819,813538.0588158724
276,Depressed City D,2800,448856,391875.55372663727
277,Neutral City C,3556,544245,590255.2252930499
278,Neutral City C,2468,432346,459321.0093334267
279,Desirable City A,2693,335661,449500.5861205088
280,Depressed City E,3618,338081,315638.513089678
281,Neutral City C,2260,566590,570126.301521171
282,Desirable City A,3894,184154,244354.2307547588
283,Depressed City D,3844,242288,224890.35417217936
284,Neutral City C,3524,229195,218949.10901561278
285,Depressed City E,1513,460725,409367.0006617924
286,Neutral City C,882,623864,662794.0702412048
287,Depressed City D,1968,470231,433289.7503230459
288,Neutral City C,3956,342053,362644.1483801398
289,Depressed City E,3949,614624,567322.7124621611
290,Desirable City A,3304,217499,287376.7957364699
291,Depressed City E,2701,565960,541084.715220351
292,Desirable City A,2848,623485,820730.9335499274
293,Desirable City B,850,423198,518107.181200779
294,Depressed City E,1484,645535,528984.5751825873
295,Depressed City E,1516,488931,394994.8445979402
296,Depressed City D,2269,475632,412693.6257591476
297,Neutral City C,1248,514585,572916.4683855373
298,Desirable City A,1680,200431,270686.77590785996
299,Desirable City A,1287,501825,614800.1385571635
300,Depressed City D,2623,372555,362510.5924617767
301,Depressed City D,2881,446512,408321.7863568558
302,Neutral City C,2942,354076,392082.3941255898
303,Neutral City C,3943,397724,469557.34185761306
304,Depressed City E,2374,492470,451040.25831537205
305,Desirable City B,3001,228861,285975.43392490334
306,Neutral City C,1049,516041,503023.2146166506
307,Depressed City D,1473,390977,329807.8059679651
308,Neutral City C,1237,187078,199058.91176713834
309,Desirable City A,2965,502912,657473.0441598413
310,Desirable City B,1570,573141,692490.26397117
311,Depressed City E,1067,393048,343818.62846393225
312,Desirable City A,2784,335087,443859.9640143003
313,Desirable City A,1877,211320,276091.4060354591
314,Desirable City B,1035,505025,619981.2406806288
315,Depressed City E,1188,691287,612996.1112887945
316,Depressed City D,3837,542359,517292.51077229215
317,Depressed City E,1562,437931,366278.4976646551
318,Neutral City C,2648,584845,684588.3373816353
319,Desirable City A,3248,727114,955489.3913269357
320,Neutral City C,1423,278734,306870.1015400955
321,Depressed City D,3614,335702,323985.7024284331
322,Neutral City C,3766,355235,351648.87173049885
323,Depressed City E,2052,276511,253871.79055119946
324,Neutral City C,3700,451797,503462.79182328447
325,Depressed City D,1377,276818,251619.64821013832
326,Depressed City D,2922,330360,313962.21794495126
327,Depressed City D,1234,739165,655189.6737635476
328,Depressed City E,2950,551706,487897.00164140575
329,Depressed City D,1563,389957,364059.068632876
330,Desirable City A,3585,250715,327813.11892773496
331,Depressed City D,3653,319398,296892.30847666075
332,Neutral City C,2129,697052,701169.867956889
333,Neutral City C,2945,310632,333172.6242229305
334,Neutral City C,3645,261186,288517.0894174722
335,Depressed City E,2158,329094,291707.0311787197
336,Neutral City C,3706,206380,216413.42022078508
337,Depressed City E,3282,442500,411803.02878330526
338,Depressed City E,1246,248326,209923.13058569148
339,Depressed City D,2817,398971,389476.2606219325
340,Desirable City A,2131,646933,870533.5278065242
341,Depressed City D,1048,346484,314446.47451298346
342,Depressed City D,965,662410,669332.6567558724
343,Depressed City E,3831,519705,432526.83881408
344,Depressed City E,2158,403314,369744.6298550138
345,Neutral City C,1819,616716,709241.3562427097
346,Neutral City C,1341,669872,714397.7149652706
347,Depressed City D,1558,694998,690952.9554410996
348,Desirable City B,3977,697984,872914.3731793644
349,Desirable City B,2928,643757,825038.8963204981
350,Neutral City C,2980,552484,614923.582538584
351,Desirable City B,1596,686062,862570.1428820309
352,Neutral City C,3747,310028,353599.4633655591
353,Depressed City E,937,409447,373309.02304655773
354,Depressed City D,3031,619124,532872.2203505376
355,Desirable City A,2153,610659,853860.306502544
356,Depressed City D,3632,479207,414199.738580299
357,Neutral City C,2675,554369,638426.480337734
358,Neutral City C,3831,556544,643551.4491835285
359,Depressed City D,868,520962,462944.5077297448
360,Neutral City C,3393,444847,480194.2248223134
361,Desirable City B,2900,597065,717327.0154213506
362,Desirable City B,2273,209585,262534.9821123488
363,Neutral City C,1004,593231,643417.3256779105
364,Neutral City C,2973,745873,849536.6870092666
365,Desirable City B,842,467102,626076.7805659727
366,Neutral City C,2706,466161,545307.7680460829
367,Neutral City C,2958,564821,605426.884653001
368,Depressed City D,1560,457922,424085.2597980742
369,Desirable City A,3695,220229,268457.7654219223
370,Desirable City B,2942,264652,294495.8486054336
371,Depressed City D,2794,427474,417217.2719477849
372,Desirable City A,2735,438116,620781.8810592996
373,Neutral City C,1699,698985,725743.9326894508
374,Neutral City C,1159,197975,211907.8444147103
375,Depressed City D,3747,335795,313591.48085078405
376,Neutral City C,2519,594495,662272.2204056231
377,Depressed City E,1080,387373,328343.49822709576
378,Depressed City D,2687,375133,357510.2249012003
379,Desirable City A,1466,473286,611281.8282469317
380,Depressed City D,892,354037,330807.13785844034
381,Desirable City B,1471,566076,733867.3481134443
382,Depressed City D,2769,475190,444432.3514316371
383,Neutral City C,860,618280,666617.5665802617
384,Neutral City C,3481,279459,305873.3276902346
385,Depressed City E,3922,378422,331673.820490064
386,Depressed City E,1828,279520,241840.58067709394
387,Depressed City E,2289,694123,603642.788023733
388,Desirable City A,1403,507793,718993.6705591261
389,Depressed City E,1481,504818,455566.32935483207
390,Desirable City A,3381,322832,420414.80987820064
391,Depressed City E,2228,330999,300506.768437546
392,Desirable City A,3685,526619,684589.3388474508
393,Depressed City D,3492,239367,235742.45631782108
394,Depressed City D,3080,583804,555028.1800908957
395,Neutral City C,1323,413806,452966.48644990934
396,Desirable City A,3193,222738,299997.5743572678
397,Desirable City B,3917,735685,864190.4987387654
398,Neutral City C,3393,522333,545138.9083830968
399,Depressed City D,2768,516511,456729.0805433423
400,Desirable City A,1901,380332,505300.18998706026
401,Depressed City E,2553,560729,532300.3761258511
402,Desirable City B,2636,289453,403294.7949699141
403,Depressed City D,3944,197816,190322.1704590107
404,Neutral City C,3641,594715,669079.4860958296
405,Desirable City A,3096,549000,665353.1582370088
406,Desirable City B,2894,391567,483113.898774924
407,Desirable City A,1944,692933,881918.6784863381
408,Depressed City E,3061,394184,337092.7924132393
409,Neutral City C,3086,476090,519696.4204704984
410,Desirable City A,1879,495348,639828.412591133
411,Depressed City D,3197,360958,307131.855709471
412,Neutral City C,906,455707,518319.0969542277
413,Depressed City D,3678,270324,240428.44210817126
414,Desirable City A,847,401536,535791.4937296641
415,Neutral City C,1136,449991,541656.026732173
416,Depressed City D,1849,204155,182907.80414494863
417,Depressed City E,3651,519815,404825.9436545447
418,Depressed City E,2080,638494,554570.2408141952
419,Desirable City A,2855,327381,453768.915975928
420,Neutral City C,1424,309691,370984.22907225153
421,Desirable City B,2690,654410,781562.4508689278
422,Neutral City C,2076,621324,698886.9574089105
423,Depressed City E,2515,212707,183223.16834678745
424,Depressed City D,3566,696477,648069.8948416711
425,Desirable City B,1102,531299,752877.1111157911
426,Desirable City A,1438,336492,413825.19049545954
427,Desirable City B,855,652112,834436.0139928516
428,Desirable City A,1525,348102,469262.9357086735
429,Desirable City B,1325,572274,759655.2287908045
430,Desirable City A,1273,395285,524100.0762491846
431,Desirable City A,827,516404,691197.9918481247
432,Desirable City B,2925,337476,419307.2504634939
433,Desirable City B,1164,338928,433988.76271668344
434,Desirable City A,3513,474141,616102.8282782029
435,Depressed City E,1325,426500,385924.0164409443
436,Desirable City B,3546,310311,385948.50120318786
437,Neutral City C,2135,423546,473886.56817178486
438,Depressed City D,1682,374733,349909.31096667395
439,Desirable City A,1830,747560,1037286.6075280346
440,Desirable City A,1826,324470,427299.8567104347
441,Depressed City D,2446,496647,426940.66660990444
442,Depressed City E,1718,184570,171738.1140554713
443,Depressed City D,3597,508929,456258.0940488073
444,Desirable City B,3210,711398,873175.9062175296
445,Depressed City D,2574,677115,615960.949122559
446,Desirable City A,2331,257141,360631.5831429622
447,Depressed City D,3653,190115,160501.51761440124
448,Neutral City C,3586,217062,272822.4986106653
449,Desirable City B,2706,472700,626669.3880846174
450,Depressed City D,3886,568479,536921.3969732723
451,Desirable City A,2015,704257,927299.6709484786
452,Desirable City B,2454,575686,737695.185280464
453,Desirable City A,1284,299863,405195.08008446684
454,Depressed City E,2875,679076,615112.896769785
455,Neutral City C,1513,678726,765453.7598396329
456,Depressed City E,1862,226320,199972.55599126755
457,Neutral City C,2776,674758,735576.0161095135
458,Depressed City D,2096,324649,301459.6093887448
459,Desirable City B,2054,303354,380343.05312750884
460,Depressed City D,2933,626625,616088.4441953463
461,Neutral City C,925,206625,233419.68288706418
462,Neutral City C,3659,464233,442405.0281481949
463,Neutral City C,1336,214487,242969.80949277699
464,Desirable City A,2992,637054,848354.7283074225
465,Desirable City B,2872,406071,513242.9827022724
466,Depressed City D,2403,666011,611723.0885529424
467,Depressed City D,866,490282,481836.78988465783
468,Depressed City E,1032,351895,323004.79297554895
469,Neutral City C,2956,608424,645754.5338916045
470,Neutral City C,1969,494205,553683.8637779191
471,Neutral City C,2958,279376,293740.7214065397
472,Depressed City D,3075,603106,528541.7303020393
473,Depressed City E,910,459652,392970.88697131095
474,Desirable City A,2293,650132,891814.4155792289
475,Desirable City B,2881,336056,443528.28493931214
476,Desirable City A,1422,738347,997348.1448403546
477,Depressed City D,3595,640785,618880.7714104543
478,Neutral City C,3442,677653,762907.7882399156
479,Desirable City B,3272,707992,869495.4593400074
480,Depressed City D,3460,700828,668139.0750583969
481,Depressed City D,2341,656366,636030.0779335127
482,Depressed City D,3539,597139,577467.6777417258
483,Desirable City B,2105,697777,930389.6983224291
484,Desirable City B,2561,554188,723618.4958171782
485,Depressed City E,2775,410549,367054.5884063196
486,Depressed City E,3162,731453,674989.2240906907
487,Desirable City A,1676,662965,874058.8400017169
488,Desirable City B,2789,214321,260248.3202152679
489,Desirable City B,2112,513441,644688.6622605306
490,Desirable City B,2260,423014,516994.21577506606
491,Depressed City E,3509,334498,285324.4086951048
492,Depressed City D,3124,195772,181844.37985885897
493,Neutral City C,2533,572583,607154.991218704
494,Depressed City E,2405,416389,361293.04826540523
495,Desirable City B,2326,229924,265819.08112563076
496,Depressed City E,3471,706014,627315.853740688
497,Desirable City A,3363,529296,698709.0031972395
498,Desirable City B,3690,205723,250574.19434416862
499,Desirable City A,3197,386786,525856.7397066178
500,Desirable City B,2430,737931,973264.783980662
501,Depressed City E,3670,392432,320105.8426922382
502,Depressed City D,1960,317999,287020.87203348073
503,Neutral City C,1558,536690,569719.4496146329
504,Desirable City A,3746,257973,325976.1826378586
505,Depressed City E,1042,631449,576625.9623785185
506,Depressed City D,3390,465681,431575.63611948106
507,Depressed City E,1863,672509,584692.3755434017
508,Desirable City A,1028,724900,869712.0103224927
509,Neutral City C,3395,403049,456159.1300828899
510,Depressed City E,1719,446615,370882.3444793007
511,Desirable City B,2046,344703,437237.18505341484
512,Depressed City D,805,209348,198208.28305632604
513,Depressed City E,1267,373804,349292.30503035494
514,Depressed City D,2555,313832,275976.0567514052
515,Desirable City B,874,472923,516137.782032133
516,Neutral City C,803,461780,512202.9021388181
517,Neutral City C,2670,231551,275551.608229501
518,Desirable City B,1445,582772,778722.9165297252
519,Depressed City D,917,749107,707089.9817629205
520,Depressed City E,3728,513914,442137.9712518838
521,Desirable City B,2429,598182,784461.5870233477
522,Desirable City A,3351,390781,493004.3185519973
523,Depressed City D,2821,631105,602860.0252262562
524,Neutral City C,1746,726884,817943.3085587837
525,Desirable City B,3421,237182,314494.33561112295
526,Neutral City C,2264,527307,652797.1028069042
527,Depressed City D,993,479454,456285.6697179284
528,Neutral City C,1646,496232,533226.9981043959
529,Desirable City B,3562,317978,401774.5760530743
530,Depressed City D,2215,747667,642854.7588303189
531,Desirable City A,3897,649828,830686.3173270395
532,Desirable City B,2258,436517,541921.1273328254
533,Depressed City E,3020,618097,530967.8613400728
534,Desirable City B,2468,486557,619757.0414446464
535,Depressed City D,3173,315084,283590.4571160747
536,Desirable City B,2233,381502,507191.36789462314
537,Desirable City A,1941,322539,425755.4871906991
538,Desirable City A,3683,602226,794602.2662881188
539,Depressed City E,2610,699863,606700.1848006848
540,Neutral City C,1523,299999,332326.7524983506
541,Depressed City D,1024,292793,284028.7323387903
542,Depressed City D,1331,635373,570658.3321217576
543,Neutral City C,912,548321,585110.1454296884
544,Desirable City A,2987,190289,247713.73666260706
545,Desirable City A,1358,435368,539528.8120673589
546,Desirable City B,2848,264365,321968.1965150968
547,Depressed City E,2937,353211,304097.42196137673
548,Depressed City E,1453,357785,327364.5333208522
549,Depressed City E,1119,250588,223149.2287324774
550,Desirable City B,2373,241646,308372.0530940335
551,Depressed City E,2628,443798,405647.31255256897
552,Neutral City C,2717,660238,721726.896258538
553,Desirable City B,938,297735,383319.4404953807
554,Neutral City C,3692,333683,365329.1327908113
555,Desirable City B,2826,714437,914663.9241470363
556,Depressed City E,3106,540246,462823.15865039895
557,Neutral City C,1701,499333,488377.2055953178
558,Neutral City C,1489,744956,814449.996622717
559,Neutral City C,2839,584889,684985.386728768
560,Desirable City B,809,389830,513896.2766397107
561,Depressed City D,1060,374501,365523.98374351737
562,Depressed City E,2742,594885,552913.0249776677
563,Neutral City C,2473,343140,378975.0982881254
564,Depressed City D,3019,318507,300475.01844579197
565,Depressed City E,3745,403160,344820.2984734676
566,Depressed City E,2860,361321,313394.3295834981
567,Neutral City C,1991,739672,836412.6338946761
568,Neutral City C,2419,699998,812133.6349124649
569,Desirable City B,1120,253388,318504.1142581202
570,Depressed City D,2142,733689,671961.5112595684
571,Depressed City D,2436,696727,651455.378335587
572,Neutral City C,3176,410601,464003.90461585217
573,Depressed City E,3632,305834,251470.7242465046
574,Neutral City C,3624,212084,208943.2379367421
575,Depressed City E,2794,429459,368466.5998061678
576,Depressed City E,3758,283111,235313.7953754807
577,Neutral City C,2743,627042,673814.9377093418
578,Desirable City A,2838,607667,796732.3666203087
579,Depressed City D,1918,340982,312249.8141672669
580,Depressed City E,2404,476185,446708.5301160782
581,Depressed City E,3165,505825,451737.02682219876
582,Desirable City A,1035,412386,551784.2051557483
583,Desirable City B,2769,521715,678634.8260088897
584,Desirable City A,1133,374553,468816.75835415156
585,Desirable City A,2708,639792,884414.3645218314
586,Depressed City E,1175,679174,595614.8346582627
587,Depressed City D,1960,373246,359620.8138596696
588,Desirable City A,3435,728448,914703.8245383819
589,Desirable City B,2370,424242,498763.87073129916
590,Neutral City C,3360,689083,786170.9929610431
591,Desirable City A,2119,195633,262653.84748914215
592,Desirable City A,3765,227104,287485.7090279515
593,Desirable City B,2655,246388,299360.03353202617
594,Depressed City D,2172,718302,705969.4574018748
595,Desirable City A,1672,270578,337853.2385311047
596,Desirable City A,2052,742678,1053533.583814694
597,Depressed City D,3117,463855,415949.73418802134
598,Desirable City B,2651,269658,351015.850667853
599,Desirable City A,3645,235993,306857.66040315427
600,Depressed City D,2114,383768,368661.15144719335
601,Desirable City A,1524,336285,432917.5573679418
602,Neutral City C,2852,629000,686780.1631040265
603,Depressed City E,3698,720015,634791.696802902
604,Neutral City C,877,706646,741901.0121560923
605,Desirable City A,3421,505252,689390.8189303327
606,Desirable City B,931,435681,538279.6145084003
607,Depressed City E,1400,272018,236888.5083291616
608,Neutral City C,2572,564601,592990.567437333
609,Depressed City D,1865,472054,389964.1962488192
610,Desirable City B,2936,407104,510514.8904397292
611,Neutral City C,3249,371510,453476.53776417073
612,Depressed City D,3143,287847,278735.39959448983
613,Desirable City A,2663,622717,821266.8140467763
614,Depressed City D,2118,632162,584008.4123241068
615,Neutral City C,1415,474037,521973.1832215473
616,Neutral City C,3647,254329,286719.31287216983
617,Desirable City A,3269,209007,261081.3513546447
618,Depressed City D,2688,494397,485675.18037236633
619,Depressed City D,1846,190323,183738.52951919576
620,Desirable City A,1374,290356,395781.6920744192
621,Depressed City D,2990,382451,364718.74310329964
622,Desirable City A,1792,456600,603249.4179541846
623,Desirable City B,3512,733655,956458.3355792111
624,Neutral City C,2992,232624,262769.9085523727
625,Desirable City B,2048,581322,723538.1598854747
626,Depressed City E,3854,412565,353591.27938259166
627,Depressed City E,1302,246008,217489.33853939245
628,Depressed City E,2797,555539,523295.9642376595
629,Desirable City A,1620,294492,366835.01274459186
630,Depressed City D,2951,250240,218366.97529366965
631,Desirable City B,3910,504459,642919.7526295366
632,Desirable City B,2770,450900,571707.8527240955
633,Desirable City B,997,639227,814993.423645204
634,Desirable City B,2469,476522,609484.6512819908
635,Depressed City E,3426,313327,272930.3482864817
636,Desirable City B,3238,343575,464055.4652777683
637,Depressed City D,2002,677499,587365.604108161
638,Depressed City E,3401,671948,569045.9632477186
639,Desirable City B,2271,485257,610969.0620291254
640,Desirable City A,3886,407189,497344.17547049676
641,Neutral City C,2446,576465,629042.8045374533
642,Neutral City C,2492,429051,507598.87180378864
643,Neutral City C,2112,689778,759476.1520061907
644,Depressed City E,2835,449830,400001.4475367775
645,Desirable City B,1277,683629,815255.2872506154
646,Depressed City E,2054,493507,422119.0132241066
647,Depressed City D,1722,537687,494163.4708137425
648,Desirable City A,1219,353915,460421.1516918911
649,Desirable City A,3004,632179,883089.9775609013
650,Neutral City C,3397,220828,249068.4900778904
651,Neutral City C,1920,450670,470691.96212735935
652,Neutral City C,3868,203592,226460.52004252645
653,Desirable City B,3844,469126,606883.7946191549
654,Depressed City D,1750,410041,403257.4187059327
655,Depressed City D,3136,528877,530026.2387093345
656,Depressed City D,2077,302982,270217.0710917934
657,Depressed City D,3043,434911,391654.1238300351
658,Neutral City C,3445,246619,255773.7703006168
659,Desirable City A,2657,486623,635509.5932461071
660,Neutral City C,1316,679643,763455.1602341916
661,Depressed City D,2458,329175,321591.37317867426
662,Neutral City C,2665,348963,382534.0951468317
663,Depressed City D,3712,319826,294689.7489561686
664,Depressed City E,1941,276540,245033.8862070587
665,Desirable City A,3653,364994,463502.7511057472
666,Depressed City E,2732,488375,470589.13892830745
667,Desirable City B,1614,207301,243072.75503150048
668,Neutral City C,3075,400724,444497.89918687055
669,Desirable City B,2700,692003,955903.4355352201
670,Neutral City C,3063,371783,409087.7033305025
671,Depressed City E,3795,196752,171646.13759141546
672,Depressed City D,2862,395029,363351.0594130864
673,Depressed City D,2894,234273,217249.16673038522
674,Neutral City C,3171,436503,510115.9238870865
675,Depressed City D,3691,297968,250589.85702521118
676,Depressed City E,929,555844,523236.7168905343
677,Depressed City D,894,188699,165013.84514481694
678,Depressed City E,3474,374133,325246.50256426167
679,Desirable City B,3602,712003,883110.4543883103
680,Depressed City E,2755,197169,178150.49838589694
681,Desirable City A,1593,696652,852780.4484406891
682,Desirable City A,2634,296413,399484.7991882808
683,Desirable City A,2916,445926,642783.8575844289
684,Neutral City C,2483,700988,723308.3690434248
685,Neutral City C,810,302481,335598.22556424804
686,Neutral City C,2665,393400,419718.8105627407
687,Depressed City E,3719,737873,661898.2668198111
688,Neutral City C,3397,356936,392971.3265539835
689,Desirable City B,1511,570136,700192.2901284441
690,Desirable City A,2870,626330,845089.7428909979
691,Depressed City E,1614,567954,540790.9890538328
692,Desirable City A,1145,216067,282733.55942597147
693,Neutral City C,3149,196073,222736.55494954102
694,Depressed City E,1162,214035,177278.57289848183
695,Depressed City D,3243,374049,334531.267011723
696,Desirable City B,3065,411782,532089.6131102929
697,Neutral City C,2988,712670,836821.2485028364
698,Neutral City C,3805,635828,710716.2462165846
699,Desirable City B,1784,239929,299191.26223819004
700,Desirable City B,3840,465313,588601.9861995761
701,Depressed City D,2439,265468,234104.99228633742
702,Neutral City C,1627,212594,240279.21656455964
703,Neutral City C,3530,369703,422983.3590070076
704,Desirable City A,3851,223033,288353.6962078344
705,Depressed City E,1155,251861,216902.2685849258
706,Depressed City E,3855,471894,420285.373652137
707,Desirable City A,2147,742749,960966.2911665351
708,Depressed City E,3735,645016,565907.8162177805
709,Desirable City B,2663,256222,355055.53768516984
710,Depressed City E,926,722897,629006.3944803129
711,Depressed City E,3977,381981,330668.1148156313
712,Desirable City A,3856,282211,361553.9147693938
713,Depressed City D,1403,364321,352162.93743807526
714,Depressed City E,2728,620111,541202.515868862
715,Depressed City E,1813,665689,568515.100459714
716,Depressed City D,850,634956,629340.0817324277
717,Desirable City A,3900,207984,292254.16267744586
718,Depressed City D,3626,183901,167254.64899807618
719,Desirable City A,2230,340624,411476.3817364645
720,Desirable City B,2592,400317,529592.1843220307
721,Desirable City A,3661,471199,602626.8666439027
722,Desirable City B,2436,323788,424311.5371863486
723,Desirable City B,2445,713426,821666.3010403442
724,Desirable City A,3267,201429,276673.9793553775
725,Neutral City C,2005,380380,395382.7210770088
726,Desirable City A,3830,619460,844847.9484718168
727,Depressed City E,3672,423127,372593.33281497716
728,Depressed City E,3872,195347,164451.39184956497
729,Neutral City C,2654,734110,792580.5286158662
730,Desirable City B,1366,742396,968428.3444373226
731,Neutral City C,3218,660315,729842.6847904394
732,Depressed City E,1735,185967,167998.22114958108
733,Neutral City C,2734,714159,856149.5415698497
734,Desirable City A,3508,403371,494591.5378105501
735,Neutral City C,3816,386524,456430.9736663587
736,Desirable City B,2132,342685,435552.79483088315
737,Desirable City A,1001,730467,924824.5147544132
738,Depressed City D,3160,429537,377331.7907359905
739,Depressed City E,916,737550,643464.570231296
740,Depressed City E,1736,557551,511199.55766214384
741,Neutral City C,1374,649082,709850.7080923555
742,Desirable City A,3091,238545,336508.1071701512
743,Depressed City D,1336,412555,360294.60906060814
744,Desirable City A,2425,401894,530208.5714636614
745,Depressed City E,2922,480066,398408.8195485749
746,Desirable City A,1185,745201,999924.0505538406
747,Depressed City D,1274,537177,522508.1540708877
748,Neutral City C,1217,544936,587965.1875599311
749,Desirable City B,3194,428497,477884.5800669185
750,Desirable City A,3487,621057,827208.7283522995
751,Desirable City B,1738,663278,855703.2167042102
752,Depressed City E,1754,334104,299414.5797924689
753,Neutral City C,1675,222936,259004.61693580318
754,Neutral City C,1562,380056,397708.5811363651
755,Desirable City A,2002,403469,549045.8467109993
756,Neutral City C,2005,206141,239046.3345564861
757,Desirable City A,1463,315478,382764.64477036754
758,Desirable City A,824,275359,368755.02042799344
759,Desirable City B,2790,332363,410803.87853254087
760,Neutral City C,2003,743856,815209.5435238652
761,Desirable City A,1509,749139,1004490.9607920856
762,Desirable City B,2679,671158,830211.9474535838
763,Depressed City D,1984,201312,182445.52384463226
764,Desirable City B,3024,605387,767003.3922000347
765,Desirable City B,1084,612995,737116.2863531408
766,Desirable City A,862,678531,851454.9593683444
767,Depressed City E,1802,674037,611469.4691809661
768,Depressed City E,1461,427062,356190.30887028296
769,Depressed City E,3513,586638,531876.8093163352
770,Desirable City B,3003,613684,792633.6403104176
771,Desirable City A,2292,734659,893677.1132660058
772,Neutral City C,3920,235022,250562.0700139385
773,Desirable City B,1766,511373,681998.3751964614
774,Desirable City B,1648,277071,334863.2953944918
775,Desirable City A,1907,360268,465515.1603135793
776,Depressed City D,1488,536918,512562.1044540284
777,Desirable City B,947,667626,874620.0726486424
778,Depressed City D,1141,466859,431522.25430600654
779,Depressed City D,3323,733462,667161.301547196
780,Depressed City E,1886,675660,633022.3368302085
781,Desirable City A,2524,254373,362312.1074507509
782,Depressed City D,2183,371021,362339.65294651233
783,Desirable City A,3408,371718,492570.6173590791
784,Depressed City E,1126,241037,204319.68221011347
785,Desirable City A,2592,708836,900344.5865180442
786,Desirable City B,2559,412213,533834.2036452501
787,Depressed City D,1789,382366,364311.41330045374
788,Desirable City A,3062,680420,955374.9428767567
789,Neutral City C,3282,332249,376279.469639752
790,Desirable City A,1751,464166,570838.3937192012
791,Depressed City D,1522,400084,391965.40495428495
792,Depressed City E,2879,667536,560782.0240434019
793,Depressed City E,3517,238428,206154.65990283783
794,Depressed City D,3132,499497,472341.1007279394
795,Desirable City B,1228,365604,504442.44097376114
796,Desirable City B,2300,718340,1037153.8864924513
797,Depressed City E,1085,278689,252009.80170510418
798,Depressed City E,3890,624636,545102.4318747589
799,Depressed City D,2865,440307,421689.2745890349
800,Desirable City B,1568,481568,633762.8407673147
801,Depressed City E,3437,680754,590331.6892492576
802,Desirable City B,2194,641547,877780.4214357102
803,Depressed City E,3857,581850,517382.6668494207
804,Desirable City A,993,313870,423681.997402387
805,Neutral City C,3349,462564,524222.029286366
806,Desirable City A,1787,688259,925911.5267420937
807,Depressed City E,1936,469444,428864.1433720983
808,Neutral City C,2961,188749,201798.60391462274
809,Neutral City C,2501,477631,512060.9887480502
810,Depressed City E,1746,403019,336921.39764727926
811,Depressed City E,1630,604577,542656.2534201875
812,Desirable City B,2720,468524,530336.7537408805
813,Depressed City E,3772,434553,390363.7028921961
814,Depressed City D,854,626532,630395.1514631292
815,Depressed City E,1599,557504,490478.72788474924
816,Depressed City D,1577,231352,222889.49557894713
817,Depressed City E,2281,602127,503578.0570621146
818,Desirable City B,2701,341856,424838.7295363774
819,Depressed City D,3009,181191,174769.65522782176
820,Desirable City A,2934,373713,512340.38982672914
821,Depressed City D,854,620939,572820.2044430849
822,Desirable City B,2623,181631,229015.44798643162
823,Depressed City D,2001,315244,262921.8295156242
824,Depressed City E,3879,482224,417470.39802680933
825,Depressed City E,1632,398169,364569.63895342045
826,Desirable City B,1112,591497,767807.0473811893
827,Neutral City C,3606,730959,822353.2057517545
828,Depressed City E,2658,399972,352771.68324836576
829,Desirable City A,2807,567878,749839.6207437272
830,Desirable City B,2806,686679,842576.787065382
831,Depressed City D,3290,599818,578644.5492773344
832,Depressed City D,2590,185099,176379.23601892512
833,Desirable City A,1127,596647,805187.7341759017
834,Depressed City E,3925,274722,235974.82623810708
835,Desirable City B,3608,732399,835801.1284326802
836,Desirable City A,3426,241936,335281.9643082505
837,Depressed City E,3922,401332,345485.24824420945
838,Desirable City B,3854,501064,608988.3721625161
839,Depressed City D,2087,665510,641866.328903385
840,Desirable City B,2943,241530,300091.1882571191
841,Neutral City C,1911,607440,700376.387856264
842,Desirable City B,3949,447932,582525.640767833
843,Neutral City C,2111,730370,828369.9263292968
844,Desirable City B,3991,325603,386314.1365475434
845,Neutral City C,3661,319214,370478.8743675567
846,Depressed City D,3338,750643,710185.7050069715
847,Depressed City E,1251,581082,502768.9480549016
848,Neutral City C,2323,379139,419771.1080059837
849,Neutral City C,964,629122,636160.7668904272
850,Depressed City D,981,337210,321147.9271187744
851,Neutral City C,3316,270601,283733.6520257212
852,Desirable City A,1709,207956,257624.16588222733
853,Depressed City D,3582,416340,362340.5914974269
854,Desirable City A,1622,647511,897943.1977426863
855,Depressed City D,1743,599486,544486.9397196692
856,Neutral City C,2801,217279,255669.2411541474
857,Desirable City A,2854,549931,708229.6899373312
858,Neutral City C,1129,326702,331482.3370269235
859,Depressed City D,1574,239063,212179.81850703352
860,Neutral City C,2998,432311,502254.84786284104
861,Desirable City A,3956,623377,817026.6396919424
862,Desirable City A,946,667934,859699.696374351
863,Neutral City C,1714,697089,772375.2472520748
864,Desirable City B,2371,386432,499986.01211240503
865,Depressed City D,2108,360051,353746.30884524115
866,Depressed City D,3547,275661,274713.0617139894
867,Neutral City C,881,630776,682506.9286341872
868,Desirable City B,1313,649256,771804.5360526943
869,Desirable City A,2720,301257,390185.6835573292
870,Depressed City E,3662,447054,398061.89766359626
871,Depressed City E,3556,737252,620360.432165335
872,Neutral City C,2739,596443,627543.0018433629
873,Desirable City B,1545,499909,642266.9877244689
874,Desirable City B,3870,741359,935745.1756242947
875,Depressed City D,2209,290990,272481.2529020298
876,Desirable City A,1506,247519,315460.5595950224
877,Desirable City B,1270,187503,234707.24755584582
878,Depressed City E,3990,369775,311731.6675631275
879,Desirable City A,1195,325977,447700.6924477935
880,Desirable City A,2355,748126,1033996.1366273726
881,Neutral City C,3108,629495,634336.1985830215
882,Desirable City B,1604,204806,248133.3494291274
883,Neutral City C,1733,354072,362985.2446795873
884,Desirable City B,2079,593384,728452.2163680891
885,Depressed City D,2557,248119,231111.40681087738
886,Neutral City C,1704,363165,373158.4796894092
887,Neutral City C,1876,648641,683607.2964477292
888,Depressed City E,3787,649027,545079.9423468024
889,Neutral City C,2690,585507,650125.5236117194
890,Desirable City B,2323,262080,332576.1914214015
891,Depressed City E,3701,430791,366659.3583064117
892,Neutral City C,2187,255794,283634.8859084013
893,Neutral City C,2103,470985,505209.59401803336
894,Depressed City D,1392,302447,279296.09089100675
895,Neutral City C,3561,298029,352768.7626509792
896,Desirable City A,3479,357830,501115.03068972845
897,Depressed City E,2906,685942,567971.4658871765
898,Desirable City A,927,516416,707378.3457786896
899,Depressed City E,1535,739931,675154.3785584609
900,Depressed City D,3568,484094,429003.5268385201
901,Neutral City C,3986,365921,417493.49670902116
902,Neutral City C,3373,540644,636282.0832049118
903,Neutral City C,1320,676685,706373.038389325
904,Depressed City E,3399,565732,477081.7317624784
905,Neutral City C,1036,718285,826662.0483355843
906,Desirable City A,2104,522710,698491.9988353004
907,Neutral City C,2581,629157,709420.9579450437
908,Depressed City D,2101,236005,224080.85721570547
909,Desirable City A,3341,395322,531092.0815711893
910,Neutral City C,2851,367784,355018.25048965105
911,Neutral City C,3513,745829,859467.8958905885
912,Desirable City B,1241,201387,268298.11763879046
913,Depressed City E,2876,263457,229424.77610960277
914,Desirable City A,3980,322129,424369.9688180046
915,Desirable City B,3457,495875,583625.6938622855
916,Depressed City D,1604,357761,342325.6975701271
917,Depressed City E,874,746926,674386.2630683912
918,Desirable City A,3685,662814,872441.2153955173
919,Neutral City C,2975,355558,411102.44159644184
920,Desirable City A,2889,722855,939679.2361919997
921,Neutral City C,2179,600955,678015.6377097695
922,Depressed City E,840,548965,460698.7986523954
923,Neutral City C,3781,181754,199715.3651185002
924,Depressed City D,2881,729332,676521.0290659463
925,Neutral City C,3888,245260,272548.9510479881
926,Depressed City D,2500,244912,225146.40288423648
927,Depressed City E,3845,434695,380245.5808009802
928,Depressed City E,2201,710994,649167.3033044754
929,Desirable City A,1387,524130,678116.3256201799
930,Depressed City D,2422,207725,180039.51029933497
931,Depressed City D,1141,314998,317945.53580291825
932,Desirable City B,2874,282555,379876.43853925244
933,Desirable City B,1445,439486,523293.73663778167
934,Desirable City B,1530,743609,970155.578552658
935,Neutral City C,967,411103,441874.57814510167
936,Desirable City B,1409,593872,760245.5465737274
937,Depressed City D,3115,233147,220907.83760280214
938,Neutral City C,2572,620882,675693.2208062002
939,Depressed City E,2840,653584,554663.6520489353
940,Desirable City A,3668,478931,612345.6289963874
941,Desirable City B,1254,422839,512615.73878236505
942,Depressed City E,3753,634162,536962.1585913666
943,Depressed City D,2508,724015,674886.9061890214
944,Desirable City A,3769,273081,348739.2927848188
945,Depressed City E,3828,562865,510677.3294386935
946,Desirable City A,1501,258102,363726.3124310708
947,Desirable City B,3481,334570,412072.1162545024
948,Depressed City D,2399,245695,232224.69577225918
949,Desirable City A,929,609116,822295.091738837
950,Depressed City E,3867,699608,628863.7025901318
951,Desirable City B,2645,295235,328715.40040439286
952,Desirable City B,2186,618917,809360.3845236268
953,Depressed City E,3666,197033,177189.79831574112
954,Depressed City E,1492,694409,576702.162998965
955,Desirable City A,2194,729120,1000461.5441800504
956,Neutral City C,1593,372509,426286.0911249699
957,Desirable City B,828,555869,678777.7777019904
958,Desirable City A,948,323016,427116.3916712966
959,Depressed City E,2119,460017,417388.6781314388
960,Desirable City A,2858,742660,970984.2599250715
961,Depressed City E,3523,267464,246847.6400227076
962,Depressed City D,1936,295322,305795.47099637915
963,Depressed City E,986,625557,530822.9974153184
964,Depressed City E,3654,594978,490712.99376419093
965,Depressed City E,3591,701886,626189.520751789
966,Neutral City C,2050,711884,808755.8401199611
967,Depressed City E,2133,412627,359301.2920303822
968,Desirable City B,897,720601,971775.4775168635
969,Desirable City B,854,292914,347990.66819484223
970,Desirable City A,3470,725993,988494.0041934354
971,Neutral City C,3511,281892,301541.8340757317
972,Desirable City A,1557,442167,629275.5702392376
973,Desirable City B,1205,368868,508879.09131431393
974,Desirable City B,2916,258073,315085.7764792068
975,Depressed City D,2112,282195,257261.32827137184
976,Depressed City E,2585,211848,193710.3189872359
977,Desirable City B,1550,467910,581490.4676152768
978,Desirable City A,2562,246099,324180.1406806857
979,Desirable City A,3805,607276,802529.3867083988
980,Depressed City E,1164,247122,198491.62121176493
981,Depressed City E,2826,594441,522779.0510549599
982,Depressed City D,1281,446787,404648.9853728906
983,Neutral City C,3048,664275,714324.0418575197
984,Desirable City A,953,476871,670775.2942275706
985,Depressed City E,2324,287079,238200.85029188823
986,Desirable City A,2920,194029,265585.4033507714
987,Depressed City E,3560,424353,368695.48974499624
988,Desirable City B,3143,585442,731166.587227539
989,Desirable City A,1840,372718,509662.9099411561
990,Desirable City B,2464,599947,660716.8771611579
991,Desirable City A,2040,549602,744291.242669871
992,Neutral City C,860,246926,283572.0982743369
993,Depressed City D,1738,495650,456453.69749469537
994,Desirable City B,2439,621031,763741.6804905852
995,Depressed City E,2889,220092,184127.64201235367
996,Neutral City C,824,502683,532205.3079279296
997,Desirable City A,1862,330889,495322.85431775876
998,Desirable City B,930,715716,808930.5896960711
999,Desirable City A,2052,353006,437351.6785369423
1000,Desirable City A,907,319330,396177.5700403846
